learning_rate,n_steps,batch_size,n_epochs,gae_lambda,clip_range,ent_coef,vf_coef,max_grad_norm
0.0000691515136601163,128,16,3,0.8557020323246558,0.27109211680220147,0.012911407200549929,0.5267564461785927,0.386525981643631
