alpha,epsilon_end,exploration_fraction
0.18484003928169826,0.00012850334707145372,0.6712650723031417
